Store,Dept,IsHoliday,Type,Size,Weekly_Sales,Date
39,78,0,1,167189.39407749427,177784.61776513915,2023-01-01
29,26,1,2,147567.38242147744,82432.34164771334,2023-01-08
15,62,0,1,151639.8497705793,146793.79333724358,2023-01-15
43,4,0,3,112075.23326499652,31475.866687133337,2023-01-22
8,89,1,3,138479.96428971164,207291.56372540165,2023-01-29
21,42,0,1,103788.34278658478,102345.70326526853,2023-02-05
39,89,0,3,194509.92055623935,208448.76827680785,2023-02-12
19,18,0,1,201762.46673618763,59366.24413411622,2023-02-19
23,40,0,2,57690.60688809531,95730.53738002277,2023-02-26
11,72,0,1,103524.45699037949,160570.57396161728,2023-03-05
11,39,0,2,75173.53724549605,97610.73113508605,2023-03-12
24,14,0,3,117498.80327965508,52723.608955331096,2023-03-19
36,32,0,2,145828.10151048197,91236.4894291037,2023-03-26
40,51,0,3,77517.7390150735,122103.91106595568,2023-04-02
24,38,0,1,103907.00934373433,95206.52895085847,2023-04-09
3,97,0,3,99802.13139592507,220968.33278645284,2023-04-16
22,23,1,1,160363.36646994718,76561.06781434295,2023-04-23
2,63,0,1,153467.21685181253,145864.5659962227,2023-04-30
24,15,0,2,113913.12233313733,52678.515022097265,2023-05-07
44,97,0,2,158841.0436069699,219081.57289474577,2023-05-14
30,25,0,2,122665.99577063673,72524.26325163842,2023-05-21
38,17,0,2,136417.24448369734,56623.17182170625,2023-05-28
2,97,1,3,233672.60451492685,230555.58100474643,2023-06-04
21,66,0,3,217023.05258951738,156786.6604590365,2023-06-11
33,78,0,3,85020.93815362011,180615.18588780626,2023-06-18
12,53,0,1,191486.62089395872,128826.68685202187,2023-06-25
22,51,0,3,190569.8277245796,130083.54159267245,2023-07-02
44,39,0,3,92586.83556236909,105723.06616955757,2023-07-09
25,51,0,3,190938.88218774303,129197.07607180603,2023-07-16
27,70,0,2,226896.59592062765,166538.6778179013,2023-07-23
42,6,0,3,93872.7596877793,39676.744588798436,2023-07-30
28,67,0,1,104124.85894928682,150542.12033776462,2023-08-06
16,7,0,2,200883.0733421751,38943.923101235676,2023-08-13
15,51,0,1,163574.7655412824,122884.68743020241,2023-08-20
44,72,0,3,177573.81376197617,173560.15965235792,2023-08-27
3,42,0,2,167029.46082002483,108767.07805570787,2023-09-03
37,64,0,1,169534.7960464072,146891.48910801584,2023-09-10
7,15,0,3,83676.39358444585,52119.48255296791,2023-09-17
21,29,0,1,202365.8853310724,79903.5854001292,2023-09-24
9,33,0,1,208479.49962138868,89269.53289062335,2023-10-01
39,94,0,1,138530.46279659861,208778.2104570896,2023-10-08
18,27,0,3,147826.15250930688,81227.71913724129,2023-10-15
4,36,0,3,73444.6248722139,91120.2077355139,2023-10-22
25,29,0,1,175712.73780089174,81913.51886516629,2023-10-29
14,38,0,2,178602.8720857072,101435.28129627861,2023-11-05
9,57,0,2,146890.44915003446,140113.58655268955,2023-11-12
26,97,0,3,206217.66799352513,224199.28005425757,2023-11-19
2,27,0,3,133296.13845100297,81867.45283802168,2023-11-26
20,55,0,3,178230.29629468,138844.60543763425,2023-12-03
28,33,1,3,99016.78306539422,97643.29066567522,2023-12-10
7,68,0,3,148822.3924562881,163485.62089484997,2023-12-17
44,86,0,2,141282.2871048582,194868.2838623571,2023-12-24
8,66,0,3,161265.3961020471,163608.1392459961,2023-12-31
35,10,1,1,131523.65355833207,46354.25692247639,2024-01-07
14,5,0,1,143426.3702164166,31318.80735282966,2024-01-14
17,74,0,2,191302.35857207532,171012.50909552712,2024-01-21
36,97,0,1,128161.78813808912,210831.47417197737,2024-01-28
40,38,0,2,69671.14496306604,96068.988212437,2024-02-04
4,13,1,2,237479.19521027105,59165.00215605003,2024-02-11
2,31,1,1,219072.70393452432,89725.39006670959,2024-02-18
6,47,0,3,85386.86524471907,117551.30866146008,2024-02-25
42,88,1,1,184485.39026225972,206401.52336920018,2024-03-03
4,52,0,1,124851.26147243285,124633.36802272224,2024-03-10
29,56,0,2,163174.36076655297,133876.70101882218,2024-03-17
18,15,0,1,164711.20645067468,51012.54266824784,2024-03-24
26,29,0,2,138279.6099841839,79304.04753750407,2024-03-31
44,8,0,3,110811.71672068018,39765.186003216884,2024-04-07
34,5,0,3,115472.94738418702,33946.41603795006,2024-04-14
10,29,0,3,104190.40422593788,81254.22904608889,2024-04-21
36,47,0,1,108408.88958847776,109910.1737354771,2024-04-28
14,68,0,2,146641.08549753224,159076.74491184021,2024-05-05
31,76,0,3,114212.00054446241,175589.3847535285,2024-05-12
15,45,0,2,184102.603285631,109346.23278427702,2024-05-19
8,2,0,2,224362.30776679638,35324.059437343145,2024-05-26
14,27,1,3,120997.33793149785,86227.40620500824,2024-06-02
23,95,0,3,161970.22502676887,216345.90980148845,2024-06-09
40,36,0,2,174984.25551514668,96786.85087523852,2024-06-16
21,36,0,3,173600.11354596372,97336.69698266305,2024-06-23
16,26,0,2,153797.76339580436,79081.33392541193,2024-06-30
45,43,0,2,187134.12091798612,115151.28343544553,2024-07-07
18,27,0,3,174112.44763403287,82019.00983819469,2024-07-14
24,69,0,1,88116.8788836351,157452.90523255244,2024-07-21
26,20,1,3,193457.80321946368,74023.46371884103,2024-07-28
25,11,0,1,194364.5418633371,42044.77621541499,2024-08-04
45,74,0,2,111835.69479107091,168768.13800162624,2024-08-11
41,38,0,2,151896.8917723801,99858.70052216292,2024-08-18
29,6,0,1,184166.44964055347,33299.227044540785,2024-08-25
15,72,0,2,139534.30902103192,166539.40889618153,2024-09-01
45,23,0,1,203648.90238830057,68999.6460043968,2024-09-08
1,47,1,1,250000.0,124338.24300426908,2024-09-15
25,90,0,2,110700.69836825089,201639.5518994075,2024-09-22
7,46,0,1,80947.76984231126,106926.17835932237,2024-09-29
9,12,0,3,165190.92978024378,49825.514190756316,2024-10-06
24,90,0,3,186078.1252563072,205734.7377314154,2024-10-13
1,13,0,2,138456.68130776155,50878.46516476048,2024-10-20
44,62,0,2,222663.03316605173,146921.85777462192,2024-10-27
8,82,0,1,83069.71001383757,183460.66618732573,2024-11-03
24,89,0,1,184645.93115158056,203004.9953521047,2024-11-10
11,97,1,1,119706.95896205533,217380.98677413753,2024-11-17
17,60,0,1,235968.89531036484,139592.17058986364,2024-11-24
8,43,1,3,249625.76765840594,121758.6672589857,2024-12-01
35,76,0,3,111667.1706108326,176454.99020796397,2024-12-08
35,68,0,2,122522.143204571,156104.9107203707,2024-12-15
33,5,0,1,192979.3943489901,31618.532929833018,2024-12-22
5,37,0,1,130643.46751052426,96592.56377325291,2024-12-29
42,72,0,2,147729.43910338808,168716.32627977288,2025-01-05
39,92,0,1,151269.42102712052,202714.34282259984,2025-01-12
41,31,0,1,54016.34219011718,74505.618770315,2025-01-19
28,9,0,1,149308.11269528815,37811.370999544866,2025-01-26
7,51,0,1,115513.6112967913,120348.76700613869,2025-02-02
9,29,0,1,125343.8588800114,78259.5913187272,2025-02-09
8,78,0,2,222181.6001734407,182038.44658353672,2025-02-16
12,40,0,1,87174.65528603719,98381.7319150256,2025-02-23
34,41,0,2,190660.25933739886,111403.32104699042,2025-03-02
33,86,0,1,136051.85348340956,193433.594719059,2025-03-09
23,11,0,3,136011.9915752083,47704.42256409887,2025-03-16
24,23,0,3,189518.59480258558,74109.62879802268,2025-03-23
37,1,0,3,167002.56472844453,28636.781968062485,2025-03-30
35,46,0,3,178530.64986097655,122287.81431795312,2025-04-06
44,21,0,2,198409.23302664305,66665.83475942955,2025-04-13
40,90,0,2,133434.58084083386,202762.17446004166,2025-04-20
22,36,0,1,119388.16327461248,91071.8039674928,2025-04-27
27,54,0,3,95742.47367211009,130783.55529798246,2025-05-04
35,87,0,2,108729.47350105224,192691.5425792844,2025-05-11
1,57,0,1,250000.0,140145.94900723532,2025-05-18
35,1,0,1,212233.97903683933,25489.691008131198,2025-05-25
37,63,0,2,82446.28168959894,147122.79502335307,2025-06-01
14,54,0,3,83877.1021628215,130126.65449526274,2025-06-08
3,55,0,1,174093.30308592456,134146.30775192234,2025-06-15
1,40,0,3,177363.23986889835,106114.61443102124,2025-06-22
5,15,0,3,177444.19176586822,61296.290156329196,2025-06-29
26,21,0,3,137252.2103223151,64367.33749645924,2025-07-06
14,47,0,1,143727.286999855,115055.90447910652,2025-07-13
39,73,0,3,166393.97620796788,174270.56017545165,2025-07-20
27,53,0,1,154294.65031466653,125123.61837985156,2025-07-27
9,9,0,3,50000.0,40348.787875722024,2025-08-03
15,74,0,1,138510.0184712403,170484.53826308233,2025-08-10
15,52,0,3,107429.67828698433,123937.84623564109,2025-08-17
26,57,0,2,158760.5709454256,138943.5181622529,2025-08-24
42,26,0,3,250000.0,78513.45835933984,2025-08-31
13,41,0,3,168374.08327371522,107487.37455663935,2025-09-07
32,35,0,1,134323.5156913801,92974.50851437089,2025-09-14
39,63,0,1,196090.0750988626,147640.93968815904,2025-09-21
32,25,0,3,174134.39436046063,75358.95978920508,2025-09-28
4,90,0,2,171004.72452259206,204154.36076816023,2025-10-05
30,75,0,2,180342.52966078356,179152.93915936627,2025-10-12
37,38,1,1,250000.0,102836.63550558795,2025-10-19
23,2,0,2,93455.57823370422,22570.159088406523,2025-10-26
39,7,0,3,173681.60384057273,44678.943558387895,2025-11-02
45,82,0,1,103680.94350092308,185899.4518621216,2025-11-09
15,91,0,3,177775.6323171124,209681.91916727507,2025-11-16
43,34,0,1,104065.67442569528,83725.17831623148,2025-11-23
29,91,0,1,129131.65931974578,205648.2699696056,2025-11-30
36,17,1,1,135245.50428810468,61951.159997903625,2025-12-07
13,43,0,1,198790.83596723544,110297.43577388625,2025-12-14
32,59,1,2,195922.7221971207,147171.3314119812,2025-12-21
7,51,0,3,87714.13117768077,125287.64787720796,2025-12-28
22,54,0,3,152746.70554999245,134316.61511540998,2026-01-04
28,24,0,3,114521.00726254136,73387.75297235823,2026-01-11
2,25,0,1,87074.75446623328,70255.74059957435,2026-01-18
42,71,0,2,139149.14747878147,166716.2914562139,2026-01-25
45,52,0,3,134575.860577209,127574.04087489092,2026-02-01
6,70,0,2,250000.0,171252.99290003907,2026-02-08
28,88,0,1,171647.99126803482,198208.66384342805,2026-02-15
28,33,0,3,81119.12496228813,90430.08783983224,2026-02-22
44,49,0,2,121761.29979145288,123021.14670812986,2026-03-01
44,29,0,1,201069.16477146992,78830.2977395464,2026-03-08
20,63,0,2,250000.0,154428.34884258706,2026-03-15
30,22,0,3,70700.83438810208,65472.132616686664,2026-03-22
11,26,0,3,56003.780743047755,70664.47018642147,2026-03-29
28,28,0,1,243548.25876858912,81870.8328936393,2026-04-05
25,85,0,1,169480.7088685452,196497.14854659612,2026-04-12
39,49,0,1,106585.36340618168,112649.11268129757,2026-04-19
33,71,0,2,176731.45430612177,166772.01149320713,2026-04-26
1,81,0,2,50000.0,181781.08587014955,2026-05-03
27,84,0,2,150168.77532985804,191754.59516980528,2026-05-10
13,49,0,1,166391.05864215427,119093.29682707622,2026-05-17
41,20,0,3,196213.50697689148,66212.24262195293,2026-05-24
3,86,1,3,99305.20238537312,201430.833605149,2026-05-31
39,92,0,2,154284.35807016795,206200.68994947654,2026-06-07
6,63,0,2,103728.76869702063,142806.59502489393,2026-06-14
8,61,0,3,162769.18778371587,151527.64383021326,2026-06-21
27,49,0,3,105232.68388184879,124178.40583377653,2026-06-28
9,71,0,2,129594.95804198897,164583.06985580162,2026-07-05
37,1,1,2,100209.23026048855,28468.610889435833,2026-07-12
33,96,0,3,182556.81209118286,222276.47662999027,2026-07-19
42,13,0,1,192922.55583283326,49094.80710519783,2026-07-26
44,94,0,2,138268.9715021293,212721.4836846291,2026-08-02
24,87,0,3,151911.89974800142,200000.63058565237,2026-08-09
15,51,0,3,77570.4292683228,127502.48894056403,2026-08-16
32,56,0,3,135016.16759966064,138392.3798318484,2026-08-23
32,83,0,3,147489.76914791277,192762.59234460737,2026-08-30
24,62,0,1,250000.0,146959.87782257595,2026-09-06
41,32,1,3,94401.64871129181,93293.99414416801,2026-09-13
12,30,0,2,223208.86193762187,85496.5332618922,2026-09-20
39,29,0,1,199842.9386732904,79715.58148060754,2026-09-27
2,49,0,3,164031.8202245068,123570.8397545931,2026-10-04
3,45,0,1,237931.02420975667,112764.08134668939,2026-10-11
37,93,0,2,168605.27363034314,214679.80648755108,2026-10-18
17,30,0,3,169457.95978339645,90135.57611314663,2026-10-25
2,16,0,2,147343.96734912274,59207.93337174466,2026-11-01
2,40,0,3,211178.44412093138,107113.13216693544,2026-11-08
28,19,0,3,204823.46169054418,67383.680584349,2026-11-15
23,18,0,3,118716.13562518937,58348.791530851275,2026-11-22
37,1,0,3,84037.64027006163,23810.492259108953,2026-11-29
32,78,0,3,139850.96813021714,180156.2944396777,2026-12-06
33,47,0,1,109998.07178011768,114979.07160188901,2026-12-13
1,66,0,3,146823.77126923224,157548.7292072581,2026-12-20
19,92,0,3,211871.90673420695,215730.35400409836,2026-12-27
2,94,0,1,127134.9172456605,208564.98764146006,2027-01-03
44,38,0,1,147858.83093442125,101000.21905093064,2027-01-10
26,51,0,1,152901.13674041975,119686.16839074154,2027-01-17
32,63,0,1,192421.54411026422,151139.5436850868,2027-01-24
6,4,0,1,50000.0,25792.881740801455,2027-01-31
32,1,0,1,119664.98526173516,19036.491587032688,2027-02-07
4,8,0,3,160564.18461397363,45042.475903645,2027-02-14
11,29,0,3,210003.94782134306,88172.48731711961,2027-02-21
17,55,0,2,125404.87762468975,131815.2913613277,2027-02-28
38,3,1,3,56172.36469790629,31160.747260951317,2027-03-07
24,32,0,3,180985.5722983068,90611.05971201697,2027-03-14
5,10,0,1,118231.88055871853,43011.21821950778,2027-03-21
34,74,0,1,90516.66704548194,165527.19899018906,2027-03-28
6,83,0,3,118782.7305143388,192503.39652877988,2027-04-04
22,34,0,2,140773.73211720752,89456.88784252528,2027-04-11
11,97,0,1,119762.76677308936,211428.4324462112,2027-04-18
16,87,1,3,50000.0,202663.9696184999,2027-04-25
33,55,0,3,194853.3098443566,136043.51306911474,2027-05-02
9,92,0,2,213743.75206393612,209856.76006738626,2027-05-09
6,32,0,2,182576.0995669753,89196.85980049323,2027-05-16
16,50,0,1,93115.71647875916,117878.53102761807,2027-05-23
29,7,0,2,139925.4233026241,36638.084595098895,2027-05-30
3,93,0,3,149673.9342385271,213275.3362741182,2027-06-06
20,8,0,3,179939.7194780955,45382.6974855404,2027-06-13
36,65,0,2,183417.02443590405,156640.12631271387,2027-06-20
19,57,0,2,113291.31006107522,133692.95788571812,2027-06-27
26,67,0,2,154099.77782067802,157136.6786951763,2027-07-04
3,88,0,2,172864.02023076205,203032.72673529197,2027-07-11
19,87,0,1,222791.11610733834,199928.85018051468,2027-07-18
20,59,0,2,185225.32699123616,140515.54744659967,2027-07-25
32,72,0,1,189452.83436877595,167175.6015191432,2027-08-01
7,54,0,3,154191.33139646804,130753.11607107377,2027-08-08
41,67,0,2,220522.9572601752,161120.0176671295,2027-08-15
33,51,0,1,170488.13979797487,127319.9410233907,2027-08-22
40,97,0,2,106945.60449132149,213451.4947900281,2027-08-29
39,92,0,3,220168.49850625952,212339.77883432983,2027-09-05
18,8,0,3,184895.1636269514,45772.81774449329,2027-09-12
40,34,0,3,127847.79894357588,90306.7869167595,2027-09-19
1,35,0,2,126025.35163003783,91035.75752173181,2027-09-26
11,96,0,2,164828.77725703808,217434.32113801542,2027-10-03
28,88,0,1,173159.23976337924,196389.39029279017,2027-10-10
25,78,1,3,159864.61328156033,187521.29068965607,2027-10-17
23,32,0,2,165565.43367214425,89766.64310423729,2027-10-24
31,46,0,3,234997.868728819,123592.98560351407,2027-10-31
30,16,0,3,203577.1576117443,61712.49467317802,2027-11-07
42,68,0,1,159531.7795632512,156298.34441962247,2027-11-14
35,37,0,1,197065.52903837417,97593.39868245661,2027-11-21
7,54,0,1,98373.80482362302,125671.22488098164,2027-11-28
16,85,1,1,169896.35249734044,197410.42884471858,2027-12-05
26,14,0,3,240465.3174866555,58029.40182409682,2027-12-12
2,95,0,1,139097.7052303813,209589.74731275998,2027-12-19
1,55,0,1,107618.30356904576,126400.99959334826,2027-12-26
12,48,0,1,117395.55557034697,114799.76255850488,2028-01-02
5,82,0,1,95518.34813288058,180153.91567938635,2028-01-09
37,7,0,3,110761.90459361483,36310.00232935675,2028-01-16
32,74,0,1,131474.59507049856,168091.0520492357,2028-01-23
9,7,0,3,79721.6490410679,37411.56200376871,2028-01-30
41,33,0,2,150780.91669748016,91104.79330477116,2028-02-06
35,23,0,3,195113.85868933235,73893.44179531641,2028-02-13
19,85,1,3,104612.19099265398,200046.71524330621,2028-02-20
16,19,0,1,225964.19618208846,63399.80495365175,2028-02-27
3,19,0,2,175539.60442637972,63666.527836982175,2028-03-05
20,36,0,2,201529.02928120288,96425.14409845586,2028-03-12
24,29,1,2,117108.27230739314,85154.14057991204,2028-03-19
33,60,1,2,192726.2613533308,151364.59365977586,2028-03-26
24,82,0,3,95403.30498023436,187784.52218282758,2028-04-02
11,2,0,2,194512.37504182543,25552.663435349103,2028-04-09
8,1,0,3,158591.96698967656,29250.57759743079,2028-04-16
36,47,0,3,177662.56099923918,126308.19012875644,2028-04-23
38,69,0,3,91220.26971875742,160840.9349484239,2028-04-30
40,20,0,2,105246.50788616977,59806.17119859784,2028-05-07
20,11,0,1,179861.41091266923,44739.76766505626,2028-05-14
35,2,0,1,102582.59978878996,22753.88641037264,2028-05-21
25,67,0,2,173160.31460495616,161043.48606108062,2028-05-28
35,87,0,1,81643.10967698772,188566.4191720316,2028-06-04
25,12,0,1,192408.71063333342,48083.196036816655,2028-06-11
29,20,0,3,88373.83426157455,64599.53583558165,2028-06-18
18,5,0,3,177614.99688397616,37596.456770317716,2028-06-25
18,37,0,2,181281.54668230005,99741.45196995839,2028-07-02
2,38,0,2,115161.40907852125,99816.98541712278,2028-07-09
35,94,1,1,179101.32835423635,216699.6971777687,2028-07-16
16,9,0,3,163022.1131666778,42865.06703418644,2028-07-23
41,98,0,2,123057.90719036308,219793.2117330291,2028-07-30
36,53,0,2,99572.2657961896,126849.23607974444,2028-08-06
33,44,0,2,51868.71541637105,106739.18396684958,2028-08-13
4,99,0,2,167482.50236498468,222520.51910025263,2028-08-20
33,86,0,2,71759.86143189724,191287.50709399834,2028-08-27
14,24,1,2,154767.2099720654,79121.7754928174,2028-09-03
21,81,0,1,136827.58919588756,181673.94354009596,2028-09-10
20,74,1,3,183957.13877190975,178958.76468182914,2028-09-17
8,30,0,3,134897.72502550678,84957.82653933589,2028-09-24
7,59,0,2,133527.61068264543,141033.76996775324,2028-10-01
3,87,1,3,186593.53521441476,209788.10632931482,2028-10-08
17,96,0,3,166752.9014542059,220543.83444260797,2028-10-15
33,81,0,3,165807.79785913893,187589.31933546285,2028-10-22
12,81,0,2,173463.3794904263,191643.5488078791,2028-10-29
22,14,0,2,73221.3938396447,48190.6203139382,2028-11-05
22,9,0,3,187839.4339993491,48942.75317596549,2028-11-12
30,40,0,3,180623.43970068012,107727.74311787954,2028-11-19
38,66,0,2,99165.84357117514,154025.01066796968,2028-11-26
38,25,0,1,137795.97631628995,71568.7358248513,2028-12-03
45,73,0,3,148034.63561861843,174838.12120443943,2028-12-10
8,22,0,1,143275.16077991336,66278.49464975212,2028-12-17
27,4,0,3,166692.99832842674,37079.043916567294,2028-12-24
27,26,0,1,221568.33909155917,75448.24349218974,2028-12-31
34,58,0,1,204088.33638364144,138060.92473526995,2029-01-07
21,29,1,1,84389.04032842969,80884.66703706987,2029-01-14
30,98,0,2,181103.49951530242,222921.43112044726,2029-01-21
33,87,0,1,216446.66597677048,197376.8918972853,2029-01-28
28,37,0,1,169340.42603446014,97597.36523315177,2029-02-04
33,75,0,1,204549.02125929834,176132.6845539373,2029-02-11
5,70,1,3,250000.0,174667.35816185316,2029-02-18
19,18,0,1,201185.47730534908,57385.43245767489,2029-02-25
4,85,0,3,162465.42978208643,196842.52137129364,2029-03-04
35,42,0,1,202254.42370423768,107727.94652159027,2029-03-11
17,41,0,1,157244.39165484457,101813.08555520812,2029-03-18
44,38,0,2,151195.15216424776,102264.16296594667,2029-03-25
28,34,0,3,132429.28821431336,94469.59813375256,2029-04-01
30,17,0,1,228170.6679416054,58487.42749356175,2029-04-08
29,37,0,3,109078.56670289993,95582.10928740795,2029-04-15
6,25,0,3,226618.3862339058,77699.28767884028,2029-04-22
35,76,0,2,174993.20618701857,177311.67880991453,2029-04-29
41,87,0,2,80034.69125990292,189736.54331068546,2029-05-06
37,86,1,2,168382.46464957108,203444.3980517667,2029-05-13
24,85,0,2,50000.0,188183.69231125535,2029-05-20
29,27,1,2,181275.40084155177,90549.95598126705,2029-05-27
31,57,0,2,194261.57414944956,144328.9112087047,2029-06-03
35,31,0,2,120382.20221739732,83656.21197237483,2029-06-10
33,6,0,2,156177.38479777912,35596.19523482632,2029-06-17
21,91,0,1,247707.8716875143,209376.55661237976,2029-06-24
32,40,0,3,124712.66478690316,108641.97845918123,2029-07-01
23,98,0,2,97054.62064716997,213576.67291748646,2029-07-08
33,12,0,2,224083.17012312994,47631.40757544713,2029-07-15
3,53,0,3,248129.35952653975,136162.39836521822,2029-07-22
18,71,0,1,150184.78359239237,163674.71434596734,2029-07-29
25,10,0,3,200573.1517704178,50022.40476953608,2029-08-05
42,45,0,3,217073.79577654405,121993.2326987949,2029-08-12
31,17,0,2,112875.7883730808,53244.39436192342,2029-08-19
3,26,0,3,125734.70823160658,72654.44768564258,2029-08-26
40,85,0,3,211543.72565773674,201293.21467349114,2029-09-02
24,92,1,2,234250.71393542548,215056.14315084083,2029-09-09
32,62,0,2,178144.04300871774,144870.22642165862,2029-09-16
22,46,0,2,106009.28232489729,113590.59160816362,2029-09-23
23,64,1,2,249353.05558497205,163054.00415568595,2029-09-30
2,2,0,3,123451.45510940178,28928.458491227535,2029-10-07
27,54,0,3,133243.1109414274,132746.45877470638,2029-10-14
42,65,0,1,167116.89172448107,151037.12012193224,2029-10-21
2,51,0,1,227708.0210357387,125644.23552698537,2029-10-28
26,53,0,3,192698.7988276112,131938.84571750023,2029-11-04
17,36,0,1,170743.27501809553,92107.80239692391,2029-11-11
40,26,0,3,173164.4265059053,80700.78113532289,2029-11-18
33,29,0,1,152175.7334321733,79252.14375436166,2029-11-25
9,21,1,2,177906.97572592532,72231.4683982299,2029-12-02
43,11,0,1,50000.0,35509.70303629324,2029-12-09
39,40,0,2,135169.62704651008,102395.47502805416,2029-12-16
29,11,0,2,162066.09674583905,41749.17474440624,2029-12-23
42,36,0,2,92449.29581902464,92979.41811872201,2029-12-30
26,59,0,2,169316.165890578,145323.52371015603,2030-01-06
35,39,0,1,139776.43895069393,95040.55768345049,2030-01-13
25,99,0,3,237773.78491577448,227716.83389915322,2030-01-20
24,54,0,2,228650.98626074282,136090.7628704574,2030-01-27
13,98,0,1,126709.72154409185,217841.17134605953,2030-02-03
7,55,0,2,142458.11442166523,132226.45648848295,2030-02-10
36,24,0,1,146302.62171958038,66930.63042744723,2030-02-17
45,22,0,1,127417.02619201886,59433.005024768776,2030-02-24
20,69,0,1,159751.24920140635,159194.43871868652,2030-03-03
1,56,0,3,112085.8965556205,140688.44690806852,2030-03-10
8,33,0,1,93469.23325312368,84228.17858658555,2030-03-17
16,36,0,1,181135.56119501343,94012.22010138325,2030-03-24
14,20,0,3,181476.47921109054,68717.9885820885,2030-03-31
12,83,0,3,109784.21201700039,190467.0265929528,2030-04-07
23,99,0,1,194767.77153812998,219112.35983238622,2030-04-14
15,81,0,3,118421.11354173343,188567.61550844208,2030-04-21
28,62,0,2,162658.26190189907,148584.43614131847,2030-04-28
34,98,0,2,191017.2006306228,221586.08653539844,2030-05-05
2,73,0,3,148319.37176481434,170465.23653368422,2030-05-12
32,26,0,3,172737.04560705673,82243.86814422236,2030-05-19
23,66,0,1,124178.5178056214,152538.3313809473,2030-05-26
22,73,0,3,140176.67082859515,170902.99186669514,2030-06-02
25,73,1,1,139707.02845598297,172989.001130163,2030-06-09
22,40,0,2,112671.08267298806,100638.41245687898,2030-06-16
22,17,1,3,141161.2918442109,63494.05760718847,2030-06-23
42,1,0,1,72569.08505681266,17109.048017880057,2030-06-30
6,89,0,1,125442.31264289477,193729.97852596856,2030-07-07
15,61,0,2,135756.22533151647,145730.89602741224,2030-07-14
43,43,0,3,137191.012375231,108197.26086208485,2030-07-21
37,42,0,2,137925.12770646106,104439.36872279152,2030-07-28
33,25,0,1,146911.79000699354,66194.41348219261,2030-08-04
8,39,0,1,173972.0759043032,99526.46440963338,2030-08-11
44,35,0,3,193725.85370662613,98385.65176478757,2030-08-18
44,3,0,1,117511.73865758664,24222.194506506603,2030-08-25
5,44,0,3,89839.95723054279,109406.84247218599,2030-09-01
39,51,0,2,97897.77938784484,120550.42146251896,2030-09-08
4,94,0,3,125639.85394025364,214210.7324241058,2030-09-15
6,98,0,3,132403.93410917453,220519.09284204175,2030-09-22
45,12,0,1,111500.19669012714,43207.726477578646,2030-09-29
32,19,0,1,85194.16678750527,53489.21096712682,2030-10-06
30,44,0,3,127193.9586262906,113721.82341685669,2030-10-13
35,59,1,1,159071.33100569856,146560.12262491704,2030-10-20
40,49,0,1,179751.47329177824,121159.90526537447,2030-10-27
16,61,0,1,122128.84734458395,140281.61473079625,2030-11-03
13,17,0,3,129350.1088928283,59981.90338535327,2030-11-10
42,74,0,1,103665.08455763446,165701.9238788213,2030-11-17
30,57,0,3,148428.04148126117,140437.16244345251,2030-11-24
19,55,0,1,107578.56829045927,127727.70631022596,2030-12-01
17,47,0,2,178656.39066206,118604.14912133222,2030-12-08
19,12,1,1,60706.675403294445,45459.520476313075,2030-12-15
28,62,0,1,132018.5163773769,141614.20841970496,2030-12-22
26,80,0,3,165055.36695958712,185221.0106939994,2030-12-29
37,88,0,3,159191.72581612522,200182.50118314385,2031-01-05
26,83,0,1,250000.0,188299.45779099257,2031-01-12
23,8,0,2,167490.00122839538,37939.93467697881,2031-01-19
9,95,0,1,99797.27015789949,208308.78852150324,2031-01-26
12,21,0,1,145226.78764554634,60475.764351293554,2031-02-02
1,81,0,2,61187.683326677405,182086.61309479608,2031-02-09
1,87,0,3,145970.01253516195,200367.9281242632,2031-02-16
34,80,0,1,108347.19714996207,174480.35143062202,2031-02-23
32,70,0,3,195769.51377800808,170098.42685734376,2031-03-02
25,72,0,3,122522.98627022325,170747.74660469458,2031-03-09
40,25,0,2,144161.70421023766,71220.35986084217,2031-03-16
45,82,0,2,118222.10792977983,186751.48848227898,2031-03-23
1,89,0,3,236942.56759266654,207134.13190481495,2031-03-30
16,12,0,1,133937.86169410442,43892.23383820189,2031-04-06
39,15,0,3,241627.85217396007,58552.39579478808,2031-04-13
5,59,0,1,190707.58810591334,136949.1665002265,2031-04-20
22,26,1,1,174103.3363667693,77939.53243911253,2031-04-27
29,26,0,2,168436.657365876,76174.37497574413,2031-05-04
3,47,0,1,169689.86491081258,114689.13385831141,2031-05-11
12,32,0,1,53616.3710327195,77312.75743519086,2031-05-18
26,10,0,3,136055.83029246217,45002.99339036083,2031-05-25
16,16,0,2,192257.89855921606,58151.48443312227,2031-06-01
37,71,0,1,147555.14082629472,162287.97098106967,2031-06-08
22,17,0,1,79740.50765982125,51352.027444189494,2031-06-15
29,23,0,2,147379.77747112652,68028.75847264787,2031-06-22
14,26,0,3,235205.27581277455,85103.69962007104,2031-06-29
28,85,0,2,212344.58577673597,194264.88261572723,2031-07-06
5,86,0,2,146899.7995316984,196320.11057075835,2031-07-13
30,7,0,1,197572.46385290433,39242.40537856514,2031-07-20
5,14,0,1,131674.64898159742,48545.54863457766,2031-07-27
12,79,0,3,64806.42065866405,179835.27257880353,2031-08-03
16,7,1,1,103776.70059352228,36132.24093635016,2031-08-10
26,9,0,1,228144.4384254099,44479.397223363005,2031-08-17
26,48,0,2,136300.3459085348,115969.0674449034,2031-08-24
21,72,0,1,137830.8010312491,161951.29153080317,2031-08-31
39,59,0,3,135008.09018625598,142955.28897832936,2031-09-07
36,87,0,2,245206.82947865035,204735.64898895653,2031-09-14
33,93,0,3,231297.94576810318,217324.43256048695,2031-09-21
30,82,0,2,250000.0,190563.90848297952,2031-09-28
37,95,0,1,142047.73947999743,209481.77156323008,2031-10-05
23,94,0,2,164781.22443735474,211010.41493367514,2031-10-12
10,39,0,2,74167.87252896045,96288.81564198095,2031-10-19
5,99,0,1,223846.7213059137,224150.11518240924,2031-10-26
36,18,1,1,91611.02243660325,55837.06486330315,2031-11-02
34,59,0,3,160838.77818813146,148259.5006208753,2031-11-09
31,17,0,3,95134.87361835779,59413.20306128714,2031-11-16
10,14,1,1,120556.6586630652,54209.55627436066,2031-11-23
19,31,0,1,108136.87844751499,79480.96489832523,2031-11-30
32,24,0,1,119606.23696620911,66680.43041015224,2031-12-07
1,99,0,2,123043.86484255106,217285.88961307812,2031-12-14
5,60,0,2,122586.56025374614,141080.0031985537,2031-12-21
45,45,0,2,191666.69558901535,116570.64447473706,2031-12-28
4,98,0,1,94756.86034687399,216329.9691409065,2032-01-04
16,3,0,3,161027.07135069335,30837.039933929762,2032-01-11
24,37,1,1,210897.9576152779,101813.88600679336,2032-01-18
16,43,0,2,124340.1817743302,107914.41064825146,2032-01-25
2,40,0,2,114104.0554626199,98913.62436874602,2032-02-01
28,90,0,1,138473.76874098746,201106.38692056618,2032-02-08
32,55,0,1,208986.2604180355,132001.33235741657,2032-02-15
27,87,0,2,159705.38154766787,197594.48837502935,2032-02-22
20,39,1,2,123439.28526962007,104268.06551965725,2032-02-29
24,15,0,2,174193.83255940198,53131.014616530745,2032-03-07
12,4,0,1,94885.39250817883,25730.179654447835,2032-03-14
35,93,0,2,184067.9755221474,210772.17961897134,2032-03-21
33,86,0,2,170430.36538508837,195777.8025046971,2032-03-28
33,25,0,3,134609.5764430558,74273.5555787921,2032-04-04
43,13,0,1,108070.71007763845,45042.58484544783,2032-04-11
37,82,0,3,105665.95388582713,191590.53223127592,2032-04-18
12,33,0,3,176740.86681729552,94116.81780654304,2032-04-25
3,16,0,2,211449.0251244531,60564.68768604492,2032-05-02
1,42,1,1,118134.61264856026,105126.28678212108,2032-05-09
33,66,0,2,172919.33517757422,156961.48963746626,2032-05-16
40,55,0,1,50000.0,123305.26336205787,2032-05-23
10,99,0,3,120769.11346714002,220084.6058182932,2032-05-30
43,42,0,1,148447.0533564549,102943.60985290467,2032-06-06
44,34,0,2,104515.82915090832,91609.59012637257,2032-06-13
29,30,0,2,103174.6812605202,83058.7657203653,2032-06-20
13,13,0,2,116611.02217655569,48316.560552936586,2032-06-27
12,13,0,1,164609.63641631865,44165.08070103607,2032-07-04
31,18,0,3,140633.54907968125,61639.11615120819,2032-07-11
2,32,1,3,50000.0,91103.40001780348,2032-07-18
35,96,1,1,50000.0,212851.0724591572,2032-07-25
23,99,0,2,119656.74110714122,216295.24988839557,2032-08-01
17,39,0,3,172884.3293026776,103863.58076909414,2032-08-08
26,46,0,2,50000.0,110371.84447170257,2032-08-15
8,29,0,1,125013.49119241847,78323.25637865531,2032-08-22
29,62,0,2,123687.60717412895,141792.12471650657,2032-08-29
26,93,0,3,219416.8889104224,215646.5964945614,2032-09-05
10,62,0,3,130748.90941435682,149823.54301047575,2032-09-12
26,57,0,2,169149.4492370464,140156.69643888477,2032-09-19
34,16,0,1,157062.85700437316,54238.858018693536,2032-09-26
41,56,0,2,50000.0,131665.14263761762,2032-10-03
7,10,0,1,188410.36083158688,40820.63702817548,2032-10-10
4,30,0,2,160769.8252728144,80222.4869893941,2032-10-17
45,25,0,3,175413.43198372948,76984.56608506368,2032-10-24
11,84,0,1,250000.0,195503.26365041712,2032-10-31
29,5,0,1,50000.0,28286.90905504886,2032-11-07
36,65,0,1,236234.83248805543,156232.83982899832,2032-11-14
25,94,0,3,135627.62402998222,214640.06284710258,2032-11-21
21,49,0,2,164366.44522015046,122977.60155777946,2032-11-28
36,3,0,3,147724.3877349379,31273.981893225333,2032-12-05
10,45,0,1,128788.18333009782,109179.28857939765,2032-12-12
37,14,0,2,121508.35358806206,53413.55673105576,2032-12-19
9,30,0,3,166475.43677865044,85438.65582734878,2032-12-26
24,68,0,1,74141.31516641604,155936.6233397405,2033-01-02
35,18,1,1,187528.9583760883,62732.3916098203,2033-01-09
35,62,0,3,129190.2797557373,152110.37820597703,2033-01-16
36,37,0,3,93496.53304798211,94861.19663340403,2033-01-23
18,25,0,3,127499.35710020931,76546.77625733978,2033-01-30
39,48,0,1,212857.46084312865,118169.33277026119,2033-02-06
32,65,0,3,123233.24564918884,152331.12789861107,2033-02-13
24,53,0,1,167922.68091048102,127833.20213034595,2033-02-20
23,79,0,3,113452.18621422633,184691.55288790326,2033-02-27
32,73,0,1,187896.09249618097,166704.92174762205,2033-03-06
37,15,0,1,184275.3869395102,49215.73742605871,2033-03-13
12,49,0,2,242430.44166482057,125937.83255457111,2033-03-20
13,88,0,3,141221.80272503922,201886.2194786976,2033-03-27
23,68,0,3,183432.74023789534,165268.2762670038,2033-04-03
25,12,0,1,154903.37697694724,46644.35799157633,2033-04-10
35,59,0,1,214793.58909315072,141620.84909211256,2033-04-17
41,37,0,1,114058.38061956348,96413.92566056669,2033-04-24
30,61,0,2,187250.26564386406,147810.9827712638,2033-05-01
17,43,1,2,140265.13519416592,113320.4037476945,2033-05-08
20,70,0,1,146790.59114457513,157116.3948390231,2033-05-15
25,39,0,3,154587.62422241864,104204.06217048859,2033-05-22
22,56,0,3,162612.01982133387,138457.8271002444,2033-05-29
13,63,0,2,144188.54784390208,151130.03698475804,2033-06-05
19,46,0,2,160735.6591585263,116961.75020606002,2033-06-12
36,88,1,1,228905.90287810922,203086.55690064022,2033-06-19
12,11,0,3,199272.48428076092,51308.132986860124,2033-06-26
41,62,0,1,193457.72962484483,148015.94882470038,2033-07-03
19,77,0,2,127223.02369880647,179417.213903716,2033-07-10
12,98,0,3,105537.95858858379,222051.9058642573,2033-07-17
9,25,0,3,197765.02791188765,80409.94470421734,2033-07-24
7,71,0,2,193802.3396264897,167810.2889705548,2033-07-31
28,52,0,1,223633.5337875491,128958.30070022437,2033-08-07
14,4,0,1,119800.96870153853,29489.058236489243,2033-08-14
31,59,0,3,138522.56723198266,141260.57356663985,2033-08-21
19,72,0,2,68025.79187372829,162702.4109392525,2033-08-28
16,20,0,3,130376.44469695636,63973.68473733534,2033-09-04
5,93,0,2,199828.52552897236,212749.73251390088,2033-09-11
35,63,0,1,126675.23103859011,147794.20590323108,2033-09-18
12,54,0,2,182023.98976004118,131907.2509145599,2033-09-25
25,74,0,1,140474.84470010945,163243.13350006661,2033-10-02
21,98,0,2,166202.85141107804,219485.70108050495,2033-10-09
36,57,0,3,92615.43050921663,139457.71898949562,2033-10-16
23,90,0,1,154260.47248169506,201788.2834299845,2033-10-23
16,41,0,3,50000.0,104356.37249562115,2033-10-30
39,3,0,3,140655.19209190077,31472.77300084608,2033-11-06
45,6,0,1,68476.33781424299,25865.75541827258,2033-11-13
42,5,0,1,210299.7258273408,34545.57493461597,2033-11-20
39,5,0,3,188870.36763822555,36774.95476184203,2033-11-27
14,54,0,3,173333.54909830407,140034.8709216761,2033-12-04
31,47,0,3,226050.311357969,125443.52998460749,2033-12-11
5,87,0,3,102554.17395875814,196966.41209283,2033-12-18
35,49,0,1,237368.1598957779,121645.63750001164,2033-12-25
23,9,0,1,196609.57821301924,40644.590497423786,2034-01-01
29,99,0,3,138172.2356390527,223429.60793790914,2034-01-08
43,20,0,2,206781.0073591472,68572.71791901726,2034-01-15
11,61,0,2,94685.32437941829,143107.098558459,2034-01-22
18,35,0,1,108774.29192361631,86975.45111836375,2034-01-29
12,50,0,3,119570.51383801497,128759.40706221231,2034-02-05
9,82,0,3,123551.11459679923,189276.1723928804,2034-02-12
10,62,0,1,97172.11786198735,143396.28524503714,2034-02-19
44,17,0,2,211154.15335476625,59341.254652848795,2034-02-26
17,88,0,2,137057.2799815084,199579.09525456448,2034-03-05
38,3,0,2,167625.24841784398,31003.48240317859,2034-03-12
7,32,0,1,121482.43167931597,79294.82299977349,2034-03-19
13,99,0,2,58969.83497257414,220979.04196955,2034-03-26
40,13,0,1,163502.86791957112,49756.43231782365,2034-04-02
42,89,1,1,54387.25122901116,197924.9719291586,2034-04-09
9,73,1,3,146568.29769572656,175123.8754038746,2034-04-16
27,68,0,2,81584.24805835947,156774.33563052508,2034-04-23
2,14,0,1,249363.79996154038,53641.58539690581,2034-04-30
5,98,0,2,195568.1361087361,222489.74470256324,2034-05-07
29,11,0,2,155287.689563574,46147.539270566886,2034-05-14
37,56,0,3,213185.33388273342,142671.7486727485,2034-05-21
38,67,0,2,107684.20112671322,158278.82145511927,2034-05-28
19,92,0,3,177173.96893350466,212994.90485693252,2034-06-04
8,29,0,1,159990.52168593567,76900.2150864769,2034-06-11
45,9,0,2,163201.0040666835,44885.17590875908,2034-06-18
1,67,0,1,213617.6750053384,160962.1128772435,2034-06-25
22,25,0,2,186624.6051389901,81635.34372597368,2034-07-02
17,98,0,1,164436.18314125115,214974.82109058337,2034-07-09
7,76,0,2,67255.6281885852,171848.54543572981,2034-07-16
25,42,0,2,101997.68523602682,100935.68685542337,2034-07-23
45,9,0,2,143864.5533202138,42299.5259787691,2034-07-30
4,79,0,2,154668.61871383258,180637.03033935808,2034-08-06
36,40,0,2,93489.8137663038,104521.3822779651,2034-08-13
6,25,0,2,250000.0,76950.77005996283,2034-08-20
31,5,0,2,225819.70276267864,33912.61906219941,2034-08-27
19,11,1,2,180105.9160196242,51062.768319576164,2034-09-03
44,59,0,2,153601.84306418724,137729.1166107751,2034-09-10
39,98,0,1,139389.5515049424,217471.67648426173,2034-09-17
27,88,0,3,102404.07699888822,195990.03775743177,2034-09-24
10,79,0,2,153874.02592594313,181750.61645866348,2034-10-01
26,38,0,3,162887.62700713752,98988.75771064448,2034-10-08
19,72,0,2,87911.97122591878,163755.00295222265,2034-10-15
39,5,0,2,166708.82086224487,37622.19735472131,2034-10-22
3,48,0,1,142237.04755876257,116833.14816080972,2034-10-29
45,90,0,1,54609.62210613045,194003.49389537665,2034-11-05
13,18,0,3,106980.74946102491,60286.63049517307,2034-11-12
28,70,0,1,129319.72332891778,159502.0199105348,2034-11-19
20,37,0,1,244384.38286700952,100164.47983503729,2034-11-26
28,60,0,3,177827.65622668792,145157.66608477273,2034-12-03
8,48,0,1,83225.92154500543,114346.43062494493,2034-12-10
41,77,0,2,174301.81447088186,173306.30746033855,2034-12-17
39,28,0,3,72634.80055308172,77371.97092292647,2034-12-24
1,69,0,3,204134.55269435368,166230.1799498146,2034-12-31
3,77,0,2,126443.76740910608,177588.84202259776,2035-01-07
13,81,0,1,145318.19056304145,182311.17123350583,2035-01-14
28,40,0,3,216289.8323771095,107003.36551114291,2035-01-21
25,45,1,3,85641.82157078749,116312.10482690534,2035-01-28
33,96,0,2,80144.09074435044,212404.56455631234,2035-02-04
38,62,0,2,120820.03368269975,145882.86700040588,2035-02-11
6,93,0,1,201918.94255096582,207937.6989082768,2035-02-18
44,58,0,3,74032.69622615787,137739.96723228393,2035-02-25
45,67,0,1,50000.0,150892.33599431856,2035-03-04
32,56,1,1,127442.05707955005,135336.71770823907,2035-03-11
45,40,0,2,177587.03999554602,104703.16951171916,2035-03-18
21,98,0,3,210013.08748694145,229840.52755050815,2035-03-25
16,40,0,3,126841.93189573006,102494.73132101865,2035-04-01
21,91,0,3,129428.66964419988,203767.74801906067,2035-04-08
11,77,0,2,207695.03671278735,181951.93116523657,2035-04-15
37,33,0,2,56512.915015228966,83468.35962817325,2035-04-22
36,6,0,2,130573.96124084954,33892.22300655723,2035-04-29
35,88,0,2,159521.1944962529,198413.7469685504,2035-05-06
19,19,0,2,172460.9360642517,62103.446521677564,2035-05-13
20,80,1,3,124509.66534045587,193422.55949121548,2035-05-20
18,40,0,1,151722.05058529208,102190.35944650085,2035-05-27
41,92,0,3,50000.0,207224.44702377394,2035-06-03
14,97,0,1,117087.57938330757,210021.9248575801,2035-06-10
15,59,0,2,172675.43562772337,140331.46430828044,2035-06-17
31,59,0,1,100885.29828726602,130366.10759539244,2035-06-24
1,48,0,3,152949.21107947986,121028.69891180849,2035-07-01
3,41,0,3,172343.6250401349,111530.58762477807,2035-07-08
16,13,1,1,132872.53995711176,51677.52002935233,2035-07-15
23,45,0,2,158523.18854982854,113483.13290158717,2035-07-22
11,89,1,2,101863.37173576938,204048.56801935236,2035-07-29
12,53,0,3,139669.43601519766,130605.70071560908,2035-08-05
10,42,0,1,180510.80847946112,106435.05818877663,2035-08-12
32,63,0,2,157848.64804842172,151424.18896138232,2035-08-19
16,27,0,2,120673.43652180322,72801.89825126922,2035-08-26
8,38,1,3,161210.82021453965,108659.83638640169,2035-09-02
38,60,0,2,185730.48953183088,147151.39421850088,2035-09-09
12,7,0,1,50000.0,28669.79942207326,2035-09-16
24,5,0,3,207953.70324779488,40799.086386630916,2035-09-23
28,45,0,3,133187.2630659464,121288.67204224243,2035-09-30
8,58,0,1,171274.49666201152,137355.03924712678,2035-10-07
28,31,1,3,209862.3461822614,97279.7314091237,2035-10-14
36,23,0,2,81416.3151384767,64594.701589601056,2035-10-21
26,42,0,2,114527.94987862266,106088.89981913523,2035-10-28
8,10,0,1,135572.56520621476,40699.171510275344,2035-11-04
28,32,0,2,110812.32394377858,85930.3008777292,2035-11-11
28,53,0,1,236746.8287918404,128797.9508001743,2035-11-18
37,30,0,1,107161.39530866037,78770.79330808391,2035-11-25
41,39,0,2,122222.66102565668,103035.52492871812,2035-12-02
36,31,0,1,160219.45158014883,83908.2441080365,2035-12-09
27,82,0,2,89892.52369619557,186418.60056295345,2035-12-16
17,2,0,3,130215.9644121868,29036.774280584086,2035-12-23
9,78,0,3,165872.66306250874,184793.43363197288,2035-12-30
33,77,0,1,133356.97978087445,174226.3846654768,2036-01-06
20,93,0,2,145330.65705500258,207364.71139337565,2036-01-13
13,12,0,2,123533.39437758146,46813.71172847682,2036-01-20
28,39,0,3,74276.48454096165,98730.43090016747,2036-01-27
29,66,0,3,166079.66056696192,158038.2224785785,2036-02-03
13,96,0,2,237746.65358236208,220265.98929370285,2036-02-10
35,13,0,1,150920.0815391719,47140.49262371884,2036-02-17
6,46,0,3,161263.20586237748,116684.69536296463,2036-02-24
18,27,1,1,184636.13775584297,83339.7784301579,2036-03-02
5,17,0,1,86533.47517266504,52470.6863152342,2036-03-09
25,95,0,3,235125.73290648026,219346.82977410225,2036-03-16
2,98,0,1,160116.4398211401,213930.65239815868,2036-03-23
10,60,0,1,231592.84495445545,144289.83308955992,2036-03-30
30,64,0,2,113348.35022380053,148775.53008346772,2036-04-06
45,88,0,1,240903.09612789121,201271.43572050062,2036-04-13
5,35,0,2,188757.77470173917,94711.65541277581,2036-04-20
33,70,0,3,177652.00429261793,163867.68649314088,2036-04-27
1,83,0,3,161701.2227176574,192308.36725928055,2036-05-04
18,30,0,2,137573.56909627753,82267.44023267724,2036-05-11
32,71,0,3,210026.58292369364,172768.6511957328,2036-05-18
11,74,0,1,157017.99349240234,167454.50032539802,2036-05-25
21,96,0,1,51646.51482064239,210939.67508777723,2036-06-01
26,98,0,1,94140.67691464987,209883.75274442896,2036-06-08
25,63,0,3,140707.71239036263,154657.72061512337,2036-06-15
22,28,0,1,165499.94915827774,76826.35951615767,2036-06-22
27,60,0,3,147170.5755550052,148077.6985224374,2036-06-29
13,79,0,1,210948.53948968317,181707.02994260163,2036-07-06
33,94,0,2,52444.906798068754,208901.35641195436,2036-07-13
34,37,0,3,157179.396825258,100084.24591215729,2036-07-20
41,93,0,3,59101.03873064226,205757.8110861765,2036-07-27
35,22,0,1,187985.61477420843,69240.28931325255,2036-08-03
1,68,0,3,145277.06427789986,162036.89192213072,2036-08-10
21,20,0,3,170980.4986012059,67992.1418773087,2036-08-17
6,96,1,2,106805.85197051169,220809.79642661518,2036-08-24
28,68,0,2,213973.24658288754,160634.7518449555,2036-08-31
17,91,0,1,202086.23320294256,206295.29345542565,2036-09-07
5,64,0,2,179177.2151505944,151779.07124460395,2036-09-14
31,17,0,1,143524.13765682795,53911.868171552655,2036-09-21
5,12,1,1,178992.86426475662,51094.20114400641,2036-09-28
38,22,0,1,114655.37160063256,59732.324857137755,2036-10-05
3,17,0,3,192777.7829510356,61081.21506191091,2036-10-12
23,10,0,2,232474.04471619605,50325.848020636084,2036-10-19
37,65,0,1,203530.5279989593,154948.90877711755,2036-10-26
37,22,0,2,113519.87650962952,65550.714670827,2036-11-02
10,90,0,1,168070.86586365514,201889.79021020856,2036-11-09
10,82,0,2,85342.92281206761,183678.66112933046,2036-11-16
19,50,1,2,178619.51555878378,132644.14254959516,2036-11-23
17,14,0,1,172530.17064312694,49225.803376568016,2036-11-30
21,64,0,3,56509.1830233918,150289.14333543926,2036-12-07
14,47,0,2,91910.80780438181,116887.60067850322,2036-12-14
9,29,0,3,135843.05516281165,82237.40978844877,2036-12-21
1,76,0,3,134957.0126429587,180865.42900114172,2036-12-28
45,36,0,1,89526.15322905974,86415.38484196624,2037-01-04
13,99,0,1,169448.9364676092,222731.73108560604,2037-01-11
4,52,0,1,162573.6804470256,124383.33285444733,2037-01-18
1,76,1,2,140286.54340107404,179528.92967440313,2037-01-25
40,7,0,1,112210.42499208185,28830.500907238205,2037-02-01
32,29,0,1,202435.35632082817,80212.17838128602,2037-02-08
34,11,0,2,232770.35565441474,47558.90472066697,2037-02-15
28,33,0,2,125821.92580767315,87075.80359963671,2037-02-22
31,6,0,1,119391.65414225897,30694.96077553519,2037-03-01
8,79,0,1,174560.38327059982,181643.60239247582,2037-03-08
39,32,1,1,132098.5310126507,89020.13325343379,2037-03-15
26,51,0,1,143030.1399668383,122766.86030514413,2037-03-22
34,75,1,3,186982.65758623357,181158.09410162055,2037-03-29
3,58,0,3,54532.195624635366,135965.1016020263,2037-04-05
12,87,0,1,215915.11624263346,201393.2058488343,2037-04-12
1,26,0,3,153634.02621646706,77211.29924129686,2037-04-19
44,98,0,2,129425.34277189098,221783.68364270916,2037-04-26
5,46,0,3,145538.29228892757,117790.79221668464,2037-05-03
30,98,0,3,148121.46775102595,222410.6492598383,2037-05-10
30,29,0,1,63439.934827753736,76312.72706184754,2037-05-17
17,4,0,3,224746.9113726618,40781.13041251041,2037-05-24
23,81,0,3,152066.2816135309,188381.68896011836,2037-05-31
15,99,0,3,172150.10652236876,224831.01921907536,2037-06-07
37,13,0,3,197577.48852870215,54767.033529390676,2037-06-14
21,39,0,2,98941.87712198499,99623.00891256348,2037-06-21
14,15,1,1,173673.59495176142,58466.28712132759,2037-06-28
2,29,0,1,136617.9454550603,77839.35699074132,2037-07-05
11,29,1,2,192338.53876082468,89854.69953408754,2037-07-12
39,75,0,3,50000.0,174776.71946454188,2037-07-19
38,32,0,2,145045.28498793655,88014.8834739264,2037-07-26
34,2,0,3,119858.96721080191,29616.254072549655,2037-08-02
38,47,0,2,171613.14753170777,115542.83572640525,2037-08-09
34,78,0,1,173502.2093684101,172413.65019476236,2037-08-16
18,84,0,1,114618.7052588987,187507.68672140528,2037-08-23
30,22,0,1,114391.30679119783,62529.91687699815,2037-08-30
15,75,0,3,144466.73157213352,175193.77122877722,2037-09-06
27,27,0,3,105167.88863423959,78745.45484008467,2037-09-13
34,67,0,2,192099.18477260636,159484.15178023648,2037-09-20
38,81,0,2,131539.6399776277,186832.54250014917,2037-09-27
33,56,0,1,50000.0,127672.22173651795,2037-10-04
24,92,0,3,131258.8971689097,208069.09828830516,2037-10-11
15,93,0,2,98072.80895780138,208883.97292580863,2037-10-18
30,21,0,3,68436.20922695272,63987.548311455226,2037-10-25
42,47,0,3,88128.66808887137,118459.50677178818,2037-11-01
17,80,0,1,155470.4235916485,179818.69976719684,2037-11-08
5,59,0,1,216432.04141241155,140521.9482996257,2037-11-15
29,84,0,3,165659.223693249,195451.29764503383,2037-11-22
4,6,0,3,119674.83058921302,37009.39881654802,2037-11-29
10,19,0,3,172795.20975853514,66599.41455866043,2037-12-06
17,57,0,3,127045.4844890504,138814.98271783302,2037-12-13
10,69,0,1,115269.98154184278,153090.77950955133,2037-12-20
17,3,0,2,92281.86658835078,25748.54556224076,2037-12-27
20,1,0,1,62408.559662414045,19708.064917408334,2038-01-03
24,58,0,2,130503.81467202774,137930.43857511517,2038-01-10
5,38,0,3,157902.6744960066,102402.36691977123,2038-01-17
34,15,0,2,145168.8164992555,55231.19383677465,2038-01-24
6,34,0,1,129201.65360263207,86036.13622561375,2038-01-31
2,61,0,1,102712.69696516095,137050.02841177225,2038-02-07
13,35,0,3,180412.30958424843,97699.35324016144,2038-02-14
43,64,0,1,84143.40400267075,144238.82229763607,2038-02-21
43,25,0,3,188801.39569217377,76507.57714510219,2038-02-28
11,24,0,1,99889.14905366377,65643.70054088581,2038-03-07
23,12,0,1,112378.23813234826,43601.923201110985,2038-03-14
16,18,0,3,76660.74046921615,58814.45990032517,2038-03-21
31,15,0,2,124929.89265571817,52860.45677815838,2038-03-28
11,80,0,1,198765.62292389895,186565.0965432258,2038-04-04
16,27,0,2,175781.4044221978,78103.31249799478,2038-04-11
8,72,0,1,198921.10560140177,167502.75254935943,2038-04-18
4,60,1,1,176107.1272966968,145786.92963963657,2038-04-25
40,46,0,1,94816.50857348154,108048.10598890013,2038-05-02
4,89,0,1,133460.53878362212,196503.21163234557,2038-05-09
25,17,0,2,110990.04354412686,54591.98503416297,2038-05-16
3,93,0,2,216528.745201952,213545.38885519185,2038-05-23
32,53,0,1,90160.56767868443,128206.17995733573,2038-05-30
3,8,0,1,194684.88446945554,37302.1573509211,2038-06-06
27,79,0,2,194647.69350543845,182899.134064041,2038-06-13
29,27,0,3,241481.01008580436,84947.80447806773,2038-06-20
32,46,0,3,129515.67036852513,118267.38121584576,2038-06-27
19,50,0,2,185616.1079790081,125807.90702285999,2038-07-04
21,71,0,1,250000.0,170068.19158789623,2038-07-11
5,3,0,1,119117.91615331516,20103.11166659534,2038-07-18
18,93,0,3,73247.98762338201,203888.53964077774,2038-07-25
28,64,0,3,55999.498304611814,148808.21857121028,2038-08-01
42,44,0,2,185635.60144306655,115476.38044724075,2038-08-08
22,53,0,3,55842.48959707082,124660.82841664235,2038-08-15
21,24,0,2,131384.04735310387,64553.93768826767,2038-08-22
6,60,0,3,171865.65935194804,148735.6417800358,2038-08-29
1,3,0,3,159258.7768414957,33450.25328948021,2038-09-05
5,20,1,3,171272.24320920862,70383.19534686158,2038-09-12
41,46,0,1,161114.4927900427,111084.64543806028,2038-09-19
12,15,0,1,213943.29066566966,51757.677094014136,2038-09-26
26,25,0,1,102384.18096306015,68340.27968310089,2038-10-03
34,94,0,3,116150.24307707344,211554.88160148764,2038-10-10
14,78,0,2,111367.02773645881,178556.47922477397,2038-10-17
26,71,1,2,191509.5905931305,166866.22620384773,2038-10-24
45,17,0,2,195019.92941975317,58037.29274073206,2038-10-31
27,84,0,2,172561.2659659254,190375.95537647416,2038-11-07
9,9,0,1,209174.68334449638,40946.052810479836,2038-11-14
26,38,0,1,91097.95663118098,92478.80231457877,2038-11-21
22,48,0,3,233361.20557755686,128263.74783866938,2038-11-28
30,60,0,3,226161.93108561292,146589.4230109605,2038-12-05
43,63,0,2,186781.09986228734,151430.03794577587,2038-12-12
17,86,0,1,239089.945438553,198071.17011835106,2038-12-19
26,2,1,2,67168.8396161113,32071.736853929473,2038-12-26
36,88,0,3,123777.59318686741,200225.3477171564,2039-01-02
1,72,0,3,113234.82696590238,169310.65855700016,2039-01-09
8,11,0,2,186073.96618786716,43695.97272426863,2039-01-16
35,64,0,3,97492.96301989272,147090.7357423686,2039-01-23
15,77,1,2,187874.75746687426,186083.2866249071,2039-01-30
22,81,0,1,218526.80719983566,185915.21977269565,2039-02-06
14,72,0,2,184760.14500419996,171595.03262980684,2039-02-13
26,21,0,1,164187.55118307506,60462.571781214254,2039-02-20
28,18,1,1,100606.33295496253,60070.120926805634,2039-02-27
23,94,0,3,107657.45169373177,216120.5082657743,2039-03-06
14,64,0,3,212480.94526483334,158463.4584799562,2039-03-13
24,82,0,3,188967.45019526663,193001.53552094544,2039-03-20
2,95,1,2,148049.0240311228,218419.56336320483,2039-03-27
45,38,0,2,129104.52271170547,95313.46322133346,2039-04-03
26,32,0,3,50000.0,88211.1458714207,2039-04-10
14,11,0,2,96457.37906577806,41601.153673678775,2039-04-17
7,45,0,3,245570.95435698616,122287.51423061536,2039-04-24
3,89,0,2,85977.22144987667,195172.79245935133,2039-05-01
23,33,0,1,159473.99106105402,84614.78022403714,2039-05-08
43,41,0,1,200372.19865975992,107888.78473143246,2039-05-15
45,8,0,3,87253.86659988537,38668.088752078584,2039-05-22
18,11,0,2,159235.52373905416,48868.3271390378,2039-05-29
38,86,0,2,196895.77687553276,197688.32752565958,2039-06-05
35,51,0,1,150624.96609536253,118847.4527588524,2039-06-12
15,88,0,1,250000.0,203284.13519946343,2039-06-19
25,41,0,3,66570.03705609024,103148.71721729329,2039-06-26
37,17,0,1,202936.42649419396,58544.19895174379,2039-07-03
28,76,0,3,141359.91313017678,178118.417391589,2039-07-10
10,46,0,1,188596.00774183375,111343.56393120595,2039-07-17
39,32,0,1,172065.3575849623,85931.85740998926,2039-07-24
17,79,0,2,113342.19014450017,184059.5557915306,2039-07-31
39,80,1,1,161449.819622967,187058.46389817726,2039-08-07
22,54,0,1,57104.927430085634,123740.21086549335,2039-08-14
26,86,0,3,180162.3750285697,202158.8055553423,2039-08-21
44,92,0,1,164907.92329952627,205666.73309538254,2039-08-28
25,20,0,3,181933.00843215513,68515.71888213335,2039-09-04
17,33,0,1,202905.9162543575,86962.04546839966,2039-09-11
13,74,0,1,168380.99201048556,169886.74565210348,2039-09-18
20,40,0,3,157404.4709899138,108941.11038232957,2039-09-25
25,32,0,2,105946.5831669354,83625.20485414672,2039-10-02
4,97,0,3,114388.96181754745,221568.43973337128,2039-10-09
10,2,0,3,209336.73100886654,33283.42450215308,2039-10-16
3,97,1,3,221816.77028529893,227315.29949118788,2039-10-23
41,33,0,2,138094.4781843973,90899.98806306036,2039-10-30
45,77,0,1,152300.1373626637,174041.41839665663,2039-11-06
18,30,0,3,104769.2812503117,85757.4938374878,2039-11-13
36,33,0,3,208637.84226337224,94848.37484865154,2039-11-20
22,77,0,2,183270.84118458893,179043.88977216964,2039-11-27
34,26,0,3,247060.87182318745,84340.16399982796,2039-12-04
8,22,0,1,106083.84614101305,62885.986422230664,2039-12-11
40,66,1,2,131099.60504908915,155563.91669155098,2039-12-18
44,38,0,1,161572.2961262786,94836.12732612515,2039-12-25
19,90,0,1,182324.47688628852,203975.04381389607,2040-01-01
42,46,0,2,139216.61812261838,114696.55772832783,2040-01-08
41,15,0,3,106351.94547731498,53270.134668322906,2040-01-15
37,98,0,1,194070.37644617856,215986.37079179398,2040-01-22
6,44,0,1,186056.76812727907,108143.36576381225,2040-01-29
26,49,0,1,104186.29497181375,112165.7174686668,2040-02-05
34,75,0,1,217772.1400552748,173686.0455653607,2040-02-12
45,61,0,2,208509.9354598302,147228.6216118294,2040-02-19
6,67,0,2,156714.82486238965,155902.56546114883,2040-02-26
37,6,0,1,153979.89311880182,32562.747805604187,2040-03-04
33,9,0,3,177702.88855579536,46613.085689495245,2040-03-11
22,6,0,1,106914.8464871871,34532.138188779245,2040-03-18
21,73,0,3,151501.5739582041,169551.3118587838,2040-03-25
6,95,0,1,50000.0,207818.76208660105,2040-04-01
6,32,0,3,193822.78227514678,94637.34223578748,2040-04-08
4,41,0,1,71925.33887790704,97038.08146514195,2040-04-15
30,76,0,3,225170.99142144993,182665.02148024458,2040-04-22
11,8,0,1,133493.9953016775,34759.43326640865,2040-04-29
30,72,0,1,139416.65090344116,164342.20970600954,2040-05-06
31,50,0,3,118613.30469577471,127948.92726159783,2040-05-13
24,92,0,2,135598.05630389618,207991.11528045742,2040-05-20
9,62,1,3,220926.56725740182,160063.54510933696,2040-05-27
3,84,0,2,50000.0,185639.38136009072,2040-06-03
31,62,0,1,213848.2693044094,144724.3001353718,2040-06-10
40,7,0,3,166901.1740550854,40928.12228167346,2040-06-17
37,75,0,3,89648.91760713921,175895.6621900848,2040-06-24
36,84,0,3,96234.3803475381,188757.3833041976,2040-07-01
24,80,0,2,233819.65136041015,185580.80383166714,2040-07-08
31,4,0,2,102724.65600286344,29388.768272611305,2040-07-15
6,6,0,1,92332.47447020203,27647.314153815576,2040-07-22
2,58,0,2,206865.72711823648,140758.2394616814,2040-07-29
20,22,0,2,166927.6438142957,67499.18502725844,2040-08-05
28,26,0,1,103103.72117318006,67423.95125027871,2040-08-12
11,3,1,3,160831.24877023094,36093.31874607882,2040-08-19
4,41,0,3,98712.36581798614,107342.47412447393,2040-08-26
15,60,0,1,205041.06992113026,140637.3139315946,2040-09-02
6,14,0,3,203068.54824365667,53957.68314319316,2040-09-09
30,75,0,2,176600.30994109716,173569.96553798707,2040-09-16
38,82,0,1,168083.05306235084,186868.06365813725,2040-09-23
2,12,0,1,238059.4062433687,48509.12669617466,2040-09-30
15,87,0,1,149984.31636941127,193570.05366223934,2040-10-07
11,12,0,3,90906.29372895995,47634.03228147921,2040-10-14
8,13,0,1,172473.69564161534,44132.26991636146,2040-10-21
26,25,0,1,250000.0,76489.41130755006,2040-10-28
45,45,0,1,99262.02534070739,108729.97132984265,2040-11-04
44,19,0,3,131926.8616653007,62777.72613507359,2040-11-11
5,55,0,2,170822.30190507264,136552.96411884646,2040-11-18
6,45,0,1,147304.75754971305,108110.24567957957,2040-11-25
26,8,0,2,100884.82098113427,39300.05903556385,2040-12-02
4,93,0,3,206092.89281152355,215613.63197176668,2040-12-09
19,53,0,3,250000.0,136826.89482024364,2040-12-16
20,55,1,3,159806.57295119535,141950.58137682316,2040-12-23
33,32,0,3,104796.58551319999,88025.29974403812,2040-12-30
20,51,0,2,72551.97374732625,124068.16448020175,2041-01-06
12,44,0,1,162898.79906105905,106991.58169811092,2041-01-13
1,82,0,3,205193.86716581287,191734.65487999746,2041-01-20
26,70,0,3,173758.38732476908,169760.52515038342,2041-01-27
14,18,0,2,149879.8079540573,58302.92052733515,2041-02-03
38,83,0,2,120536.41741053469,189827.88702518994,2041-02-10
37,22,0,3,95391.81836409552,71168.4628842222,2041-02-17
11,37,0,1,191737.5663162441,95783.28826192894,2041-02-24
36,96,1,1,195688.5810692793,221147.1537066146,2041-03-03
13,56,0,3,72713.51066546334,132328.29097059346,2041-03-10
43,59,0,2,229491.9489090342,146984.06404158732,2041-03-17
3,3,0,3,178703.56104470007,34334.026024208535,2041-03-24
33,28,0,3,219979.73225728967,86945.06317718491,2041-03-31
6,74,0,2,82893.61257574425,166853.5364847164,2041-04-07
10,35,1,3,81708.79222922806,94763.27278032707,2041-04-14
5,61,0,3,142551.53451163517,149134.08085508077,2041-04-21
23,93,0,3,175139.22134475972,209630.15476227907,2041-04-28
10,54,0,2,239818.04114634817,135356.20107283234,2041-05-05
44,63,0,1,185303.94569075658,150147.56101737777,2041-05-12
2,79,1,1,137865.93615939835,183277.092279716,2041-05-19
13,97,0,2,98681.53961670538,218830.76227041488,2041-05-26
40,7,0,1,211500.0286359575,39625.21973696142,2041-06-02
2,76,0,3,101764.72871246426,174780.43965897206,2041-06-09
20,49,0,1,231423.42773861607,122625.79814663368,2041-06-16
1,94,0,3,135780.76751967453,213694.29697089485,2041-06-23
37,85,0,1,229529.10363089252,191312.10165485236,2041-06-30
9,31,0,2,183946.5645029639,85316.5303921795,2041-07-07
17,58,0,1,143150.22552787708,135035.9894624341,2041-07-14
9,61,0,1,124030.18140869366,137129.06806472281,2041-07-21
11,24,0,1,132954.606132696,67742.71724313807,2041-07-28
15,20,0,2,171415.83461876187,64072.64804163201,2041-08-04
24,37,0,1,153857.82481088582,91347.10343792115,2041-08-11
38,4,0,2,120309.42959656475,30823.8972103829,2041-08-18
35,92,0,3,141718.4294841184,211517.66696358784,2041-08-25
30,20,0,1,153928.85148595748,61150.51153202765,2041-09-01
31,60,0,2,50000.0,137851.86364958205,2041-09-08
5,24,0,2,172908.40573943494,73828.30459047547,2041-09-15
44,50,0,1,101013.93876415965,119411.13765916137,2041-09-22
14,49,1,3,92333.37983971275,127231.47613142502,2041-09-29
11,51,0,2,65632.78264446449,119632.4146313537,2041-10-06
9,96,0,1,60305.37510660548,208568.47028635262,2041-10-13
34,36,0,3,82227.62484438554,97502.34254387023,2041-10-20
12,98,0,2,114548.95211847548,216534.18948870033,2041-10-27
35,66,0,2,247662.9568763284,164579.0265220813,2041-11-03
35,79,0,3,123706.01620523981,182134.0389422912,2041-11-10
1,34,1,3,158887.50531340158,100009.18929235035,2041-11-17
40,36,0,1,170024.06932531644,92156.23227425314,2041-11-24
22,6,0,1,156553.25931079243,33274.20463738015,2041-12-01
29,39,0,2,146127.82696370032,97821.94796291446,2041-12-08
8,42,0,3,90235.31182003776,106419.68199336845,2041-12-15
11,58,1,3,222546.37741396058,148943.0764700009,2041-12-22
41,12,0,3,240359.83218189428,55288.6683048793,2041-12-29
37,3,0,2,65867.06529386571,27282.248015711102,2042-01-05
14,18,0,3,98798.57045568102,61231.940897013155,2042-01-12
30,40,0,3,136009.48288114968,101057.1554223397,2042-01-19
35,21,0,2,101773.11025449043,67172.79481858028,2042-01-26
21,15,0,1,175298.27767279325,52355.4737648814,2042-02-02
37,97,0,1,113586.38987966935,211126.32121299746,2042-02-09
5,99,0,2,250000.0,226814.25583798188,2042-02-16
19,26,0,3,209527.4297171798,81828.75113086436,2042-02-23
